<annotation>
	<folder>images</folder>
	<filename>20231006_154713.jpg</filename>
	<path>C:\Users\NIKSHA MAHAJAN\Desktop\images\20231006_154713.jpg</path>
	<source>
		<database>Unknown</database>
	</source>
	<size>
		<width>4000</width>
		<height>3000</height>
		<depth>3</depth>
	</size>
	<segmented>0</segmented>
	<object>
		<name>vishakha</name>
		<pose>Unspecified</pose>
		<truncated>0</truncated>
		<difficult>0</difficult>
		<bndbox>
			<xmin>1615</xmin>
			<ymin>728</ymin>
			<xmax>2105</xmax>
			<ymax>1034</ymax>
		</bndbox>
	</object>
	<object>
		<name>prerna</name>
		<pose>Unspecified</pose>
		<truncated>0</truncated>
		<difficult>0</difficult>
		<bndbox>
			<xmin>1758</xmin>
			<ymin>1211</ymin>
			<xmax>2168</xmax>
			<ymax>1468</ymax>
		</bndbox>
	</object>
	<object>
		<name>vishram bapat</name>
		<pose>Unspecified</pose>
		<truncated>0</truncated>
		<difficult>0</difficult>
		<bndbox>
			<xmin>1498</xmin>
			<ymin>1551</ymin>
			<xmax>1902</xmax>
			<ymax>1871</ymax>
		</bndbox>
	</object>
	<object>
		<name>niksha</name>
		<pose>Unspecified</pose>
		<truncated>0</truncated>
		<difficult>0</difficult>
		<bndbox>
			<xmin>1718</xmin>
			<ymin>1954</ymin>
			<xmax>2058</xmax>
			<ymax>2268</ymax>
		</bndbox>
	</object>
</annotation>
