<annotation>
	<folder>images</folder>
	<filename>20231006_154715.jpg</filename>
	<path>C:\Users\NIKSHA MAHAJAN\Desktop\images\20231006_154715.jpg</path>
	<source>
		<database>Unknown</database>
	</source>
	<size>
		<width>4000</width>
		<height>3000</height>
		<depth>3</depth>
	</size>
	<segmented>0</segmented>
	<object>
		<name>vishakha</name>
		<pose>Unspecified</pose>
		<truncated>0</truncated>
		<difficult>0</difficult>
		<bndbox>
			<xmin>1625</xmin>
			<ymin>674</ymin>
			<xmax>2018</xmax>
			<ymax>928</ymax>
		</bndbox>
	</object>
	<object>
		<name>prerna</name>
		<pose>Unspecified</pose>
		<truncated>0</truncated>
		<difficult>0</difficult>
		<bndbox>
			<xmin>1678</xmin>
			<ymin>1131</ymin>
			<xmax>2165</xmax>
			<ymax>1421</ymax>
		</bndbox>
	</object>
	<object>
		<name>vishram bapat</name>
		<pose>Unspecified</pose>
		<truncated>0</truncated>
		<difficult>0</difficult>
		<bndbox>
			<xmin>1388</xmin>
			<ymin>1544</ymin>
			<xmax>1892</xmax>
			<ymax>1831</ymax>
		</bndbox>
	</object>
	<object>
		<name>niksha</name>
		<pose>Unspecified</pose>
		<truncated>0</truncated>
		<difficult>0</difficult>
		<bndbox>
			<xmin>1712</xmin>
			<ymin>1964</ymin>
			<xmax>2012</xmax>
			<ymax>2174</ymax>
		</bndbox>
	</object>
</annotation>
