<annotation>
	<folder>images</folder>
	<filename>20231006_154711.jpg</filename>
	<path>C:\Users\NIKSHA MAHAJAN\Desktop\images\20231006_154711.jpg</path>
	<source>
		<database>Unknown</database>
	</source>
	<size>
		<width>4000</width>
		<height>3000</height>
		<depth>3</depth>
	</size>
	<segmented>0</segmented>
	<object>
		<name>vishakha</name>
		<pose>Unspecified</pose>
		<truncated>0</truncated>
		<difficult>0</difficult>
		<bndbox>
			<xmin>1608</xmin>
			<ymin>700</ymin>
			<xmax>1988</xmax>
			<ymax>974</ymax>
		</bndbox>
	</object>
	<object>
		<name>prerna</name>
		<pose>Unspecified</pose>
		<truncated>0</truncated>
		<difficult>0</difficult>
		<bndbox>
			<xmin>1695</xmin>
			<ymin>1129</ymin>
			<xmax>2088</xmax>
			<ymax>1461</ymax>
		</bndbox>
	</object>
	<object>
		<name>vishram bapat</name>
		<pose>Unspecified</pose>
		<truncated>0</truncated>
		<difficult>0</difficult>
		<bndbox>
			<xmin>1427</xmin>
			<ymin>1587</ymin>
			<xmax>1882</xmax>
			<ymax>1874</ymax>
		</bndbox>
	</object>
	<object>
		<name>niksha</name>
		<pose>Unspecified</pose>
		<truncated>0</truncated>
		<difficult>0</difficult>
		<bndbox>
			<xmin>1604</xmin>
			<ymin>1939</ymin>
			<xmax>2008</xmax>
			<ymax>2255</ymax>
		</bndbox>
	</object>
</annotation>
