<annotation>
	<folder>images</folder>
	<filename>IMG-20230315-WA0209.jpg</filename>
	<path>C:\Users\NIKSHA MAHAJAN\Desktop\images\IMG-20230315-WA0209.jpg</path>
	<source>
		<database>Unknown</database>
	</source>
	<size>
		<width>1600</width>
		<height>719</height>
		<depth>3</depth>
	</size>
	<segmented>0</segmented>
	<object>
		<name>niksha</name>
		<pose>Unspecified</pose>
		<truncated>0</truncated>
		<difficult>0</difficult>
		<bndbox>
			<xmin>409</xmin>
			<ymin>150</ymin>
			<xmax>555</xmax>
			<ymax>310</ymax>
		</bndbox>
	</object>
	<object>
		<name>preeti</name>
		<pose>Unspecified</pose>
		<truncated>0</truncated>
		<difficult>0</difficult>
		<bndbox>
			<xmin>564</xmin>
			<ymin>155</ymin>
			<xmax>689</xmax>
			<ymax>298</ymax>
		</bndbox>
	</object>
	<object>
		<name>prajwali</name>
		<pose>Unspecified</pose>
		<truncated>0</truncated>
		<difficult>0</difficult>
		<bndbox>
			<xmin>183</xmin>
			<ymin>171</ymin>
			<xmax>324</xmax>
			<ymax>325</ymax>
		</bndbox>
	</object>
	<object>
		<name>diksha</name>
		<pose>Unspecified</pose>
		<truncated>0</truncated>
		<difficult>0</difficult>
		<bndbox>
			<xmin>180</xmin>
			<ymin>416</ymin>
			<xmax>403</xmax>
			<ymax>610</ymax>
		</bndbox>
	</object>
	<object>
		<name>jyoti</name>
		<pose>Unspecified</pose>
		<truncated>0</truncated>
		<difficult>0</difficult>
		<bndbox>
			<xmin>625</xmin>
			<ymin>338</ymin>
			<xmax>791</xmax>
			<ymax>554</ymax>
		</bndbox>
	</object>
	<object>
		<name>pranali</name>
		<pose>Unspecified</pose>
		<truncated>0</truncated>
		<difficult>0</difficult>
		<bndbox>
			<xmin>744</xmin>
			<ymin>183</ymin>
			<xmax>837</xmax>
			<ymax>308</ymax>
		</bndbox>
	</object>
	<object>
		<name>sarika</name>
		<pose>Unspecified</pose>
		<truncated>0</truncated>
		<difficult>0</difficult>
		<bndbox>
			<xmin>907</xmin>
			<ymin>157</ymin>
			<xmax>1046</xmax>
			<ymax>292</ymax>
		</bndbox>
	</object>
	<object>
		<name>nikita</name>
		<pose>Unspecified</pose>
		<truncated>0</truncated>
		<difficult>0</difficult>
		<bndbox>
			<xmin>1154</xmin>
			<ymin>162</ymin>
			<xmax>1457</xmax>
			<ymax>508</ymax>
		</bndbox>
	</object>
</annotation>
