<annotation>
	<folder>images</folder>
	<filename>IMG-20230922-WA0008.jpg</filename>
	<path>C:\Users\NIKSHA MAHAJAN\Desktop\images\IMG-20230922-WA0008.jpg</path>
	<source>
		<database>Unknown</database>
	</source>
	<size>
		<width>720</width>
		<height>1280</height>
		<depth>3</depth>
	</size>
	<segmented>0</segmented>
	<object>
		<name>prerna</name>
		<pose>Unspecified</pose>
		<truncated>0</truncated>
		<difficult>0</difficult>
		<bndbox>
			<xmin>91</xmin>
			<ymin>183</ymin>
			<xmax>407</xmax>
			<ymax>461</ymax>
		</bndbox>
	</object>
	<object>
		<name>vishakha</name>
		<pose>Unspecified</pose>
		<truncated>0</truncated>
		<difficult>0</difficult>
		<bndbox>
			<xmin>205</xmin>
			<ymin>546</ymin>
			<xmax>605</xmax>
			<ymax>828</ymax>
		</bndbox>
	</object>
	<object>
		<name>niksha</name>
		<pose>Unspecified</pose>
		<truncated>0</truncated>
		<difficult>0</difficult>
		<bndbox>
			<xmin>174</xmin>
			<ymin>867</ymin>
			<xmax>502</xmax>
			<ymax>1109</ymax>
		</bndbox>
	</object>
</annotation>
