<annotation>
	<folder>images</folder>
	<filename>IMG-20230615-WA0024.jpg</filename>
	<path>C:\Users\NIKSHA MAHAJAN\Desktop\images\IMG-20230615-WA0024.jpg</path>
	<source>
		<database>Unknown</database>
	</source>
	<size>
		<width>1024</width>
		<height>576</height>
		<depth>3</depth>
	</size>
	<segmented>0</segmented>
	<object>
		<name>niksha</name>
		<pose>Unspecified</pose>
		<truncated>0</truncated>
		<difficult>0</difficult>
		<bndbox>
			<xmin>792</xmin>
			<ymin>66</ymin>
			<xmax>972</xmax>
			<ymax>225</ymax>
		</bndbox>
	</object>
	<object>
		<name>preeti</name>
		<pose>Unspecified</pose>
		<truncated>0</truncated>
		<difficult>0</difficult>
		<bndbox>
			<xmin>575</xmin>
			<ymin>108</ymin>
			<xmax>725</xmax>
			<ymax>272</ymax>
		</bndbox>
	</object>
	<object>
		<name>tanya</name>
		<pose>Unspecified</pose>
		<truncated>0</truncated>
		<difficult>0</difficult>
		<bndbox>
			<xmin>457</xmin>
			<ymin>168</ymin>
			<xmax>570</xmax>
			<ymax>306</ymax>
		</bndbox>
	</object>
</annotation>
