<annotation>
	<folder>images</folder>
	<filename>IMG-20230920-WA0015.jpg</filename>
	<path>C:\Users\NIKSHA MAHAJAN\Desktop\images\IMG-20230920-WA0015.jpg</path>
	<source>
		<database>Unknown</database>
	</source>
	<size>
		<width>1024</width>
		<height>576</height>
		<depth>3</depth>
	</size>
	<segmented>0</segmented>
	<object>
		<name>vishakha</name>
		<pose>Unspecified</pose>
		<truncated>0</truncated>
		<difficult>0</difficult>
		<bndbox>
			<xmin>159</xmin>
			<ymin>154</ymin>
			<xmax>357</xmax>
			<ymax>345</ymax>
		</bndbox>
	</object>
	<object>
		<name>tanya</name>
		<pose>Unspecified</pose>
		<truncated>0</truncated>
		<difficult>0</difficult>
		<bndbox>
			<xmin>403</xmin>
			<ymin>183</ymin>
			<xmax>567</xmax>
			<ymax>387</ymax>
		</bndbox>
	</object>
	<object>
		<name>niksha</name>
		<pose>Unspecified</pose>
		<truncated>0</truncated>
		<difficult>0</difficult>
		<bndbox>
			<xmin>581</xmin>
			<ymin>157</ymin>
			<xmax>789</xmax>
			<ymax>372</ymax>
		</bndbox>
	</object>
</annotation>
