<annotation>
	<folder>images</folder>
	<filename>IMG-20221225-WA0017.jpg</filename>
	<path>C:\Users\NIKSHA MAHAJAN\Desktop\images\IMG-20221225-WA0017.jpg</path>
	<source>
		<database>Unknown</database>
	</source>
	<size>
		<width>543</width>
		<height>938</height>
		<depth>3</depth>
	</size>
	<segmented>0</segmented>
	<object>
		<name>prerna</name>
		<pose>Unspecified</pose>
		<truncated>0</truncated>
		<difficult>0</difficult>
		<bndbox>
			<xmin>74</xmin>
			<ymin>428</ymin>
			<xmax>216</xmax>
			<ymax>591</ymax>
		</bndbox>
	</object>
	<object>
		<name>niksha</name>
		<pose>Unspecified</pose>
		<truncated>0</truncated>
		<difficult>0</difficult>
		<bndbox>
			<xmin>231</xmin>
			<ymin>389</ymin>
			<xmax>372</xmax>
			<ymax>546</ymax>
		</bndbox>
	</object>
	<object>
		<name>preeti</name>
		<pose>Unspecified</pose>
		<truncated>0</truncated>
		<difficult>0</difficult>
		<bndbox>
			<xmin>398</xmin>
			<ymin>454</ymin>
			<xmax>526</xmax>
			<ymax>589</ymax>
		</bndbox>
	</object>
</annotation>
