<annotation>
	<folder>images</folder>
	<filename>IMG-20230615-WA0020.jpg</filename>
	<path>C:\Users\NIKSHA MAHAJAN\Desktop\images\IMG-20230615-WA0020.jpg</path>
	<source>
		<database>Unknown</database>
	</source>
	<size>
		<width>1024</width>
		<height>576</height>
		<depth>3</depth>
	</size>
	<segmented>0</segmented>
	<object>
		<name>prerna</name>
		<pose>Unspecified</pose>
		<truncated>0</truncated>
		<difficult>0</difficult>
		<bndbox>
			<xmin>103</xmin>
			<ymin>103</ymin>
			<xmax>242</xmax>
			<ymax>259</ymax>
		</bndbox>
	</object>
	<object>
		<name>tanya</name>
		<pose>Unspecified</pose>
		<truncated>0</truncated>
		<difficult>0</difficult>
		<bndbox>
			<xmin>271</xmin>
			<ymin>92</ymin>
			<xmax>426</xmax>
			<ymax>253</ymax>
		</bndbox>
	</object>
	<object>
		<name>niksha</name>
		<pose>Unspecified</pose>
		<truncated>0</truncated>
		<difficult>0</difficult>
		<bndbox>
			<xmin>487</xmin>
			<ymin>70</ymin>
			<xmax>631</xmax>
			<ymax>246</ymax>
		</bndbox>
	</object>
	<object>
		<name>preeti</name>
		<pose>Unspecified</pose>
		<truncated>0</truncated>
		<difficult>0</difficult>
		<bndbox>
			<xmin>723</xmin>
			<ymin>87</ymin>
			<xmax>875</xmax>
			<ymax>251</ymax>
		</bndbox>
	</object>
</annotation>
