<annotation>
	<folder>images</folder>
	<filename>IMG-20221225-WA0024.jpg</filename>
	<path>C:\Users\NIKSHA MAHAJAN\Desktop\images\IMG-20221225-WA0024.jpg</path>
	<source>
		<database>Unknown</database>
	</source>
	<size>
		<width>549</width>
		<height>1024</height>
		<depth>3</depth>
	</size>
	<segmented>0</segmented>
	<object>
		<name>preeti</name>
		<pose>Unspecified</pose>
		<truncated>0</truncated>
		<difficult>0</difficult>
		<bndbox>
			<xmin>66</xmin>
			<ymin>311</ymin>
			<xmax>284</xmax>
			<ymax>637</ymax>
		</bndbox>
	</object>
	<object>
		<name>niksha</name>
		<pose>Unspecified</pose>
		<truncated>0</truncated>
		<difficult>0</difficult>
		<bndbox>
			<xmin>299</xmin>
			<ymin>332</ymin>
			<xmax>538</xmax>
			<ymax>633</ymax>
		</bndbox>
	</object>
</annotation>
