<annotation>
	<folder>images</folder>
	<filename>IMG-20230922-WA0012.jpg</filename>
	<path>C:\Users\NIKSHA MAHAJAN\Desktop\images\IMG-20230922-WA0012.jpg</path>
	<source>
		<database>Unknown</database>
	</source>
	<size>
		<width>720</width>
		<height>1280</height>
		<depth>3</depth>
	</size>
	<segmented>0</segmented>
	<object>
		<name>prerna</name>
		<pose>Unspecified</pose>
		<truncated>0</truncated>
		<difficult>0</difficult>
		<bndbox>
			<xmin>215</xmin>
			<ymin>302</ymin>
			<xmax>439</xmax>
			<ymax>454</ymax>
		</bndbox>
	</object>
	<object>
		<name>vishakha</name>
		<pose>Unspecified</pose>
		<truncated>0</truncated>
		<difficult>0</difficult>
		<bndbox>
			<xmin>311</xmin>
			<ymin>481</ymin>
			<xmax>567</xmax>
			<ymax>675</ymax>
		</bndbox>
	</object>
	<object>
		<name>niksha</name>
		<pose>Unspecified</pose>
		<truncated>0</truncated>
		<difficult>0</difficult>
		<bndbox>
			<xmin>218</xmin>
			<ymin>761</ymin>
			<xmax>611</xmax>
			<ymax>1053</ymax>
		</bndbox>
	</object>
</annotation>
