<annotation>
	<folder>images</folder>
	<filename>IMG-20230920-WA0013.jpg</filename>
	<path>C:\Users\NIKSHA MAHAJAN\Desktop\images\IMG-20230920-WA0013.jpg</path>
	<source>
		<database>Unknown</database>
	</source>
	<size>
		<width>1024</width>
		<height>576</height>
		<depth>3</depth>
	</size>
	<segmented>0</segmented>
	<object>
		<name>vishakha</name>
		<pose>Unspecified</pose>
		<truncated>0</truncated>
		<difficult>0</difficult>
		<bndbox>
			<xmin>175</xmin>
			<ymin>141</ymin>
			<xmax>378</xmax>
			<ymax>392</ymax>
		</bndbox>
	</object>
	<object>
		<name>tanya</name>
		<pose>Unspecified</pose>
		<truncated>0</truncated>
		<difficult>0</difficult>
		<bndbox>
			<xmin>395</xmin>
			<ymin>218</ymin>
			<xmax>595</xmax>
			<ymax>438</ymax>
		</bndbox>
	</object>
	<object>
		<name>niksha</name>
		<pose>Unspecified</pose>
		<truncated>0</truncated>
		<difficult>0</difficult>
		<bndbox>
			<xmin>582</xmin>
			<ymin>161</ymin>
			<xmax>827</xmax>
			<ymax>382</ymax>
		</bndbox>
	</object>
</annotation>
