<annotation>
	<folder>images</folder>
	<filename>IMG-20230607-WA0027.jpg</filename>
	<path>C:\Users\NIKSHA MAHAJAN\Desktop\images\IMG-20230607-WA0027.jpg</path>
	<source>
		<database>Unknown</database>
	</source>
	<size>
		<width>720</width>
		<height>1280</height>
		<depth>3</depth>
	</size>
	<segmented>0</segmented>
	<object>
		<name>prerna</name>
		<pose>Unspecified</pose>
		<truncated>0</truncated>
		<difficult>0</difficult>
		<bndbox>
			<xmin>359</xmin>
			<ymin>404</ymin>
			<xmax>663</xmax>
			<ymax>783</ymax>
		</bndbox>
	</object>
	<object>
		<name>niksha</name>
		<pose>Unspecified</pose>
		<truncated>0</truncated>
		<difficult>0</difficult>
		<bndbox>
			<xmin>41</xmin>
			<ymin>301</ymin>
			<xmax>329</xmax>
			<ymax>677</ymax>
		</bndbox>
	</object>
</annotation>
