<annotation>
	<folder>images</folder>
	<filename>IMG-20230615-WA0023.jpg</filename>
	<path>C:\Users\NIKSHA MAHAJAN\Desktop\images\IMG-20230615-WA0023.jpg</path>
	<source>
		<database>Unknown</database>
	</source>
	<size>
		<width>1024</width>
		<height>576</height>
		<depth>3</depth>
	</size>
	<segmented>0</segmented>
	<object>
		<name>prerna</name>
		<pose>Unspecified</pose>
		<truncated>0</truncated>
		<difficult>0</difficult>
		<bndbox>
			<xmin>193</xmin>
			<ymin>85</ymin>
			<xmax>339</xmax>
			<ymax>281</ymax>
		</bndbox>
	</object>
	<object>
		<name>tanya</name>
		<pose>Unspecified</pose>
		<truncated>0</truncated>
		<difficult>0</difficult>
		<bndbox>
			<xmin>353</xmin>
			<ymin>90</ymin>
			<xmax>483</xmax>
			<ymax>236</ymax>
		</bndbox>
	</object>
	<object>
		<name>niksha</name>
		<pose>Unspecified</pose>
		<truncated>0</truncated>
		<difficult>0</difficult>
		<bndbox>
			<xmin>483</xmin>
			<ymin>74</ymin>
			<xmax>634</xmax>
			<ymax>233</ymax>
		</bndbox>
	</object>
	<object>
		<name>preeti</name>
		<pose>Unspecified</pose>
		<truncated>0</truncated>
		<difficult>0</difficult>
		<bndbox>
			<xmin>742</xmin>
			<ymin>96</ymin>
			<xmax>885</xmax>
			<ymax>246</ymax>
		</bndbox>
	</object>
</annotation>
