<annotation>
	<folder>images</folder>
	<filename>IMG_20231017_1608036.jpg</filename>
	<path>C:\Users\NIKSHA MAHAJAN\Desktop\images\IMG_20231017_1608036.jpg</path>
	<source>
		<database>Unknown</database>
	</source>
	<size>
		<width>6144</width>
		<height>3456</height>
		<depth>3</depth>
	</size>
	<segmented>0</segmented>
	<object>
		<name>prerna</name>
		<pose>Unspecified</pose>
		<truncated>0</truncated>
		<difficult>0</difficult>
		<bndbox>
			<xmin>3270</xmin>
			<ymin>930</ymin>
			<xmax>3635</xmax>
			<ymax>1286</ymax>
		</bndbox>
	</object>
</annotation>
