<annotation>
	<folder>images</folder>
	<filename>Screenshot_20231029_114640_LinkedIn.jpg</filename>
	<path>C:\Users\NIKSHA MAHAJAN\Desktop\images\Screenshot_20231029_114640_LinkedIn.jpg</path>
	<source>
		<database>Unknown</database>
	</source>
	<size>
		<width>1080</width>
		<height>2400</height>
		<depth>3</depth>
	</size>
	<segmented>0</segmented>
	<object>
		<name>vishram bapat</name>
		<pose>Unspecified</pose>
		<truncated>0</truncated>
		<difficult>0</difficult>
		<bndbox>
			<xmin>404</xmin>
			<ymin>769</ymin>
			<xmax>502</xmax>
			<ymax>893</ymax>
		</bndbox>
	</object>
	<object>
		<name>vishram bapat</name>
		<pose>Unspecified</pose>
		<truncated>0</truncated>
		<difficult>0</difficult>
		<bndbox>
			<xmin>671</xmin>
			<ymin>1121</ymin>
			<xmax>798</xmax>
			<ymax>1250</ymax>
		</bndbox>
	</object>
</annotation>
