<annotation>
	<folder>images</folder>
	<filename>Screenshot (385).png</filename>
	<path>C:\Users\NIKSHA MAHAJAN\Desktop\images\Screenshot (385).png</path>
	<source>
		<database>Unknown</database>
	</source>
	<size>
		<width>1920</width>
		<height>1080</height>
		<depth>3</depth>
	</size>
	<segmented>0</segmented>
	<object>
		<name>vishram bapat</name>
		<pose>Unspecified</pose>
		<truncated>0</truncated>
		<difficult>0</difficult>
		<bndbox>
			<xmin>481</xmin>
			<ymin>228</ymin>
			<xmax>694</xmax>
			<ymax>462</ymax>
		</bndbox>
	</object>
	<object>
		<name>prerna</name>
		<pose>Unspecified</pose>
		<truncated>0</truncated>
		<difficult>0</difficult>
		<bndbox>
			<xmin>1209</xmin>
			<ymin>215</ymin>
			<xmax>1362</xmax>
			<ymax>397</ymax>
		</bndbox>
	</object>
	<object>
		<name>vishakha</name>
		<pose>Unspecified</pose>
		<truncated>0</truncated>
		<difficult>0</difficult>
		<bndbox>
			<xmin>598</xmin>
			<ymin>547</ymin>
			<xmax>789</xmax>
			<ymax>721</ymax>
		</bndbox>
	</object>
	<object>
		<name>niksha</name>
		<pose>Unspecified</pose>
		<truncated>0</truncated>
		<difficult>0</difficult>
		<bndbox>
			<xmin>1148</xmin>
			<ymin>627</ymin>
			<xmax>1354</xmax>
			<ymax>832</ymax>
		</bndbox>
	</object>
</annotation>
