<annotation>
	<folder>images</folder>
	<filename>Screenshot_20231029_114655_LinkedIn.jpg</filename>
	<path>C:\Users\NIKSHA MAHAJAN\Desktop\images\Screenshot_20231029_114655_LinkedIn.jpg</path>
	<source>
		<database>Unknown</database>
	</source>
	<size>
		<width>1080</width>
		<height>2400</height>
		<depth>3</depth>
	</size>
	<segmented>0</segmented>
	<object>
		<name>vishram bapat</name>
		<pose>Unspecified</pose>
		<truncated>0</truncated>
		<difficult>0</difficult>
		<bndbox>
			<xmin>395</xmin>
			<ymin>557</ymin>
			<xmax>679</xmax>
			<ymax>938</ymax>
		</bndbox>
	</object>
</annotation>
