<annotation>
	<folder>images</folder>
	<filename>Screenshot (251).png</filename>
	<path>C:\Users\NIKSHA MAHAJAN\Desktop\images\Screenshot (251).png</path>
	<source>
		<database>Unknown</database>
	</source>
	<size>
		<width>1920</width>
		<height>1080</height>
		<depth>3</depth>
	</size>
	<segmented>0</segmented>
	<object>
		<name>vishram bapat</name>
		<pose>Unspecified</pose>
		<truncated>0</truncated>
		<difficult>0</difficult>
		<bndbox>
			<xmin>446</xmin>
			<ymin>243</ymin>
			<xmax>821</xmax>
			<ymax>769</ymax>
		</bndbox>
	</object>
	<object>
		<name>prerna</name>
		<pose>Unspecified</pose>
		<truncated>0</truncated>
		<difficult>0</difficult>
		<bndbox>
			<xmin>1685</xmin>
			<ymin>201</ymin>
			<xmax>1821</xmax>
			<ymax>354</ymax>
		</bndbox>
	</object>
	<object>
		<name>vishakha</name>
		<pose>Unspecified</pose>
		<truncated>0</truncated>
		<difficult>0</difficult>
		<bndbox>
			<xmin>1638</xmin>
			<ymin>436</ymin>
			<xmax>1778</xmax>
			<ymax>586</ymax>
		</bndbox>
	</object>
	<object>
		<name>niksha</name>
		<pose>Unspecified</pose>
		<truncated>0</truncated>
		<difficult>0</difficult>
		<bndbox>
			<xmin>1625</xmin>
			<ymin>720</ymin>
			<xmax>1738</xmax>
			<ymax>850</ymax>
		</bndbox>
	</object>
</annotation>
