<annotation>
	<folder>images</folder>
	<filename>Screenshot (349).png</filename>
	<path>C:\Users\NIKSHA MAHAJAN\Desktop\images\Screenshot (349).png</path>
	<source>
		<database>Unknown</database>
	</source>
	<size>
		<width>1920</width>
		<height>1080</height>
		<depth>3</depth>
	</size>
	<segmented>0</segmented>
	<object>
		<name>vishram bapat</name>
		<pose>Unspecified</pose>
		<truncated>0</truncated>
		<difficult>0</difficult>
		<bndbox>
			<xmin>315</xmin>
			<ymin>247</ymin>
			<xmax>673</xmax>
			<ymax>743</ymax>
		</bndbox>
	</object>
	<object>
		<name>prerna</name>
		<pose>Unspecified</pose>
		<truncated>0</truncated>
		<difficult>0</difficult>
		<bndbox>
			<xmin>1496</xmin>
			<ymin>238</ymin>
			<xmax>1681</xmax>
			<ymax>432</ymax>
		</bndbox>
	</object>
	<object>
		<name>niksha</name>
		<pose>Unspecified</pose>
		<truncated>0</truncated>
		<difficult>0</difficult>
		<bndbox>
			<xmin>1470</xmin>
			<ymin>628</ymin>
			<xmax>1620</xmax>
			<ymax>809</ymax>
		</bndbox>
	</object>
</annotation>
