<annotation>
	<folder>images</folder>
	<filename>Screenshot (228).png</filename>
	<path>C:\Users\NIKSHA MAHAJAN\Desktop\images\Screenshot (228).png</path>
	<source>
		<database>Unknown</database>
	</source>
	<size>
		<width>1920</width>
		<height>1080</height>
		<depth>3</depth>
	</size>
	<segmented>0</segmented>
	<object>
		<name>vishram bapat</name>
		<pose>Unspecified</pose>
		<truncated>0</truncated>
		<difficult>0</difficult>
		<bndbox>
			<xmin>458</xmin>
			<ymin>201</ymin>
			<xmax>805</xmax>
			<ymax>639</ymax>
		</bndbox>
	</object>
	<object>
		<name>prerna</name>
		<pose>Unspecified</pose>
		<truncated>0</truncated>
		<difficult>0</difficult>
		<bndbox>
			<xmin>1658</xmin>
			<ymin>208</ymin>
			<xmax>1761</xmax>
			<ymax>312</ymax>
		</bndbox>
	</object>
	<object>
		<name>vishakha</name>
		<pose>Unspecified</pose>
		<truncated>0</truncated>
		<difficult>0</difficult>
		<bndbox>
			<xmin>1624</xmin>
			<ymin>459</ymin>
			<xmax>1748</xmax>
			<ymax>605</ymax>
		</bndbox>
	</object>
	<object>
		<name>niksha</name>
		<pose>Unspecified</pose>
		<truncated>0</truncated>
		<difficult>0</difficult>
		<bndbox>
			<xmin>1639</xmin>
			<ymin>720</ymin>
			<xmax>1747</xmax>
			<ymax>846</ymax>
		</bndbox>
	</object>
</annotation>
