<annotation>
	<folder>images</folder>
	<filename>WhatsApp Image 2023-07-28 at 14.48.28.jpeg</filename>
	<path>C:\Users\NIKSHA MAHAJAN\Desktop\images\WhatsApp Image 2023-07-28 at 14.48.28.jpeg</path>
	<source>
		<database>Unknown</database>
	</source>
	<size>
		<width>1599</width>
		<height>1200</height>
		<depth>3</depth>
	</size>
	<segmented>0</segmented>
	<object>
		<name>niksha</name>
		<pose>Unspecified</pose>
		<truncated>0</truncated>
		<difficult>0</difficult>
		<bndbox>
			<xmin>216</xmin>
			<ymin>273</ymin>
			<xmax>444</xmax>
			<ymax>543</ymax>
		</bndbox>
	</object>
	<object>
		<name>prerna</name>
		<pose>Unspecified</pose>
		<truncated>0</truncated>
		<difficult>0</difficult>
		<bndbox>
			<xmin>549</xmin>
			<ymin>388</ymin>
			<xmax>762</xmax>
			<ymax>652</ymax>
		</bndbox>
	</object>
	<object>
		<name>vishram bapat</name>
		<pose>Unspecified</pose>
		<truncated>0</truncated>
		<difficult>0</difficult>
		<bndbox>
			<xmin>692</xmin>
			<ymin>120</ymin>
			<xmax>929</xmax>
			<ymax>396</ymax>
		</bndbox>
	</object>
	<object>
		<name>vishakha</name>
		<pose>Unspecified</pose>
		<truncated>0</truncated>
		<difficult>0</difficult>
		<bndbox>
			<xmin>1169</xmin>
			<ymin>288</ymin>
			<xmax>1581</xmax>
			<ymax>815</ymax>
		</bndbox>
	</object>
</annotation>
