<annotation>
	<folder>images</folder>
	<filename>WhatsApp Image 2023-07-28 at 14.48.28 (1).jpeg</filename>
	<path>C:\Users\NIKSHA MAHAJAN\Desktop\images\WhatsApp Image 2023-07-28 at 14.48.28 (1).jpeg</path>
	<source>
		<database>Unknown</database>
	</source>
	<size>
		<width>1024</width>
		<height>768</height>
		<depth>3</depth>
	</size>
	<segmented>0</segmented>
	<object>
		<name>prerna</name>
		<pose>Unspecified</pose>
		<truncated>0</truncated>
		<difficult>0</difficult>
		<bndbox>
			<xmin>89</xmin>
			<ymin>255</ymin>
			<xmax>205</xmax>
			<ymax>355</ymax>
		</bndbox>
	</object>
	<object>
		<name>niksha</name>
		<pose>Unspecified</pose>
		<truncated>0</truncated>
		<difficult>0</difficult>
		<bndbox>
			<xmin>300</xmin>
			<ymin>216</ymin>
			<xmax>381</xmax>
			<ymax>308</ymax>
		</bndbox>
	</object>
	<object>
		<name>vishram bapat</name>
		<pose>Unspecified</pose>
		<truncated>0</truncated>
		<difficult>0</difficult>
		<bndbox>
			<xmin>441</xmin>
			<ymin>132</ymin>
			<xmax>522</xmax>
			<ymax>247</ymax>
		</bndbox>
	</object>
	<object>
		<name>vishakha</name>
		<pose>Unspecified</pose>
		<truncated>0</truncated>
		<difficult>0</difficult>
		<bndbox>
			<xmin>592</xmin>
			<ymin>196</ymin>
			<xmax>691</xmax>
			<ymax>311</ymax>
		</bndbox>
	</object>
	<object>
		<name>Dr. Shikha Nema</name>
		<pose>Unspecified</pose>
		<truncated>0</truncated>
		<difficult>0</difficult>
		<bndbox>
			<xmin>816</xmin>
			<ymin>183</ymin>
			<xmax>916</xmax>
			<ymax>294</ymax>
		</bndbox>
	</object>
</annotation>
