<annotation>
	<folder>images</folder>
	<filename>WhatsApp Image 2023-10-08 at 14.16.41.jpeg</filename>
	<path>C:\Users\NIKSHA MAHAJAN\Desktop\images\WhatsApp Image 2023-10-08 at 14.16.41.jpeg</path>
	<source>
		<database>Unknown</database>
	</source>
	<size>
		<width>1969</width>
		<height>2510</height>
		<depth>3</depth>
	</size>
	<segmented>0</segmented>
	<object>
		<name>niksha</name>
		<pose>Unspecified</pose>
		<truncated>0</truncated>
		<difficult>0</difficult>
		<bndbox>
			<xmin>438</xmin>
			<ymin>400</ymin>
			<xmax>1455</xmax>
			<ymax>1581</ymax>
		</bndbox>
	</object>
</annotation>
