<annotation>
	<folder>images</folder>
	<filename>WhatsApp Image 2023-10-29 at 12.41.35.jpeg</filename>
	<path>C:\Users\NIKSHA MAHAJAN\Desktop\images\WhatsApp Image 2023-10-29 at 12.41.35.jpeg</path>
	<source>
		<database>Unknown</database>
	</source>
	<size>
		<width>279</width>
		<height>320</height>
		<depth>3</depth>
	</size>
	<segmented>0</segmented>
	<object>
		<name>Dr. Shikha Nema</name>
		<pose>Unspecified</pose>
		<truncated>0</truncated>
		<difficult>0</difficult>
		<bndbox>
			<xmin>64</xmin>
			<ymin>61</ymin>
			<xmax>170</xmax>
			<ymax>166</ymax>
		</bndbox>
	</object>
</annotation>
