<annotation>
	<folder>images</folder>
	<filename>WhatsApp Image 2023-10-29 at 12.40.13.jpeg</filename>
	<path>C:\Users\NIKSHA MAHAJAN\Desktop\images\WhatsApp Image 2023-10-29 at 12.40.13.jpeg</path>
	<source>
		<database>Unknown</database>
	</source>
	<size>
		<width>574</width>
		<height>794</height>
		<depth>3</depth>
	</size>
	<segmented>0</segmented>
	<object>
		<name>vishram bapat</name>
		<pose>Unspecified</pose>
		<truncated>0</truncated>
		<difficult>0</difficult>
		<bndbox>
			<xmin>85</xmin>
			<ymin>127</ymin>
			<xmax>380</xmax>
			<ymax>474</ymax>
		</bndbox>
	</object>
</annotation>
